area,bedrooms,bathrooms,stories,parking,age,distance_city,location_score,furnished,price
3419,1,1,3,1,8,4.5,4,0,119.0
930,1,1,2,1,17,12.8,8,0,61.3
3032,4,4,4,2,1,15.7,5,1,131.1
1436,2,2,1,0,13,3.7,10,1,97.3
977,4,3,4,0,18,7.3,9,1,89.5
1084,1,1,3,0,8,17.6,7,1,63.0
2294,2,2,3,1,22,6.8,9,0,107.0
1500,5,5,2,3,13,6.9,9,0,114.1
1029,2,1,3,3,9,3.2,8,1,82.2
2844,4,5,2,2,5,6.4,8,1,149.4
2554,5,5,3,1,5,11.2,4,0,122.2
1426,2,3,1,3,13,12.7,7,1,92.2
847,1,1,3,0,10,9.8,7,0,65.1
1878,5,5,1,2,21,11.1,5,0,91.0
1461,5,4,3,3,1,4.0,6,1,107.6
1786,5,4,1,3,3,19.6,8,0,100.2
2746,5,5,3,3,7,18.7,10,0,145.4
2434,3,4,4,0,8,6.0,6,0,115.2
1742,5,5,1,0,23,13.4,5,0,89.0
2153,1,1,3,3,7,11.7,9,1,105.7
2737,4,4,1,0,22,9.8,7,1,117.4
1021,1,1,4,2,4,6.5,5,1,65.2
1551,3,4,2,0,15,16.5,10,0,84.9
3014,1,1,2,1,14,10.7,5,1,112.8
1474,4,3,4,2,15,7.1,9,1,101.1
2015,2,1,1,2,2,2.9,7,0,94.8
2880,1,1,1,0,22,17.5,7,0,99.4
3133,2,1,1,3,22,12.5,8,1,128.1
1636,3,3,3,3,5,14.1,6,1,93.2
1097,1,2,1,0,18,5.8,6,0,64.9
1081,2,2,3,1,15,17.0,9,1,77.7
3478,5,4,3,0,5,6.8,4,0,134.9
3277,2,2,2,2,17,10.8,10,0,127.6
2534,3,2,1,2,25,4.4,6,0,105.7
3059,4,3,1,0,23,18.3,8,0,120.4
3185,5,5,4,1,2,7.5,10,0,168.8
1660,2,1,3,3,20,15.5,5,0,76.7
1525,4,3,2,2,14,16.4,10,0,93.4
1242,4,3,4,1,7,16.7,7,1,84.9
1732,2,1,2,3,11,7.0,4,1,80.2
2886,4,4,1,0,9,5.2,6,0,117.8
2579,3,3,4,0,13,18.2,5,1,95.8
2586,1,1,3,3,3,19.1,6,1,107.7
1310,3,3,4,2,13,14.5,8,0,80.4
2352,2,2,4,0,10,7.2,7,1,109.5
2611,2,3,2,0,10,11.3,9,1,114.2
1762,3,3,2,1,1,2.8,7,0,103.5
3379,5,5,4,3,13,6.4,9,0,167.8
1236,4,4,2,3,2,12.0,10,0,104.4
2703,5,5,4,3,18,10.0,5,1,127.0
1812,3,4,2,2,15,3.4,6,0,93.4
2109,5,4,2,1,8,8.9,5,0,98.3
2469,3,4,4,0,7,17.0,7,0,116.1
3158,4,5,1,2,10,15.6,10,1,150.1
3036,5,5,4,1,9,9.8,4,1,131.0
2456,2,3,2,0,13,12.7,9,0,102.3
2555,2,3,2,0,9,8.8,5,1,103.2
2352,3,4,3,0,16,2.3,8,0,124.4
2233,2,1,1,0,8,5.6,4,0,81.4
2739,1,1,4,2,25,8.6,8,0,111.0
1470,3,2,1,2,19,14.2,7,1,87.1
1612,1,1,1,2,22,12.8,4,0,53.9
2554,3,2,3,0,14,16.8,4,1,102.4
3403,4,4,4,1,24,11.4,9,1,148.4
3004,4,5,4,2,11,17.3,10,0,139.6
2646,2,3,4,2,1,10.9,6,0,117.1
2253,3,3,3,2,18,2.2,5,0,98.1
2464,4,4,4,3,15,16.3,4,1,104.1
1796,3,3,4,2,14,19.9,8,1,95.2
2658,3,3,3,1,4,15.0,6,0,116.4
1558,2,2,4,2,24,12.6,10,1,101.2
1595,3,3,3,1,10,2.3,8,0,96.9
1023,5,5,2,3,4,17.7,8,1,96.5
2604,3,3,1,2,16,4.1,4,1,108.6
3163,1,1,2,2,3,19.9,4,1,109.1
3333,2,3,4,3,10,17.5,7,1,135.9
1046,5,4,2,1,9,13.9,5,0,68.9
1107,2,1,4,3,23,12.7,6,0,56.9
1958,4,3,2,2,21,12.6,10,0,105.6
3030,2,2,3,1,3,3.1,10,1,148.5
3131,3,4,1,3,23,7.5,7,1,131.5
2822,4,3,1,3,24,7.8,6,0,108.4
3156,5,4,3,0,25,15.6,7,1,135.1
1543,5,5,4,0,16,8.3,6,1,102.1
1458,3,4,4,2,22,19.0,10,0,89.8
2088,3,3,1,3,17,16.8,4,1,85.7
1568,5,5,4,3,25,2.9,6,0,106.7
2594,4,3,1,1,23,4.9,8,0,117.0
1181,2,1,4,0,21,17.0,7,1,64.0
1919,4,5,4,1,15,11.9,7,0,110.7
2881,2,1,3,3,11,18.8,8,1,124.5
1958,3,4,2,3,18,10.7,6,1,99.4
2118,2,2,4,1,25,9.4,6,1,94.7
2361,4,4,4,0,5,11.0,8,1,132.1
2603,1,2,1,1,14,17.7,5,0,86.0
1885,3,4,1,2,22,17.5,7,1,93.0
2798,5,4,1,1,21,14.3,6,0,116.9
2577,1,1,4,1,23,7.4,4,0,83.9
1029,3,3,3,3,5,6.4,7,0,80.8
1123,5,5,2,3,19,4.6,7,1,96.3
