Customer_ID,Age,Gender,Annual_Income,Employment_Status,Marital_Status,Married,Previous_Insurance,Family_Size,Buy_Insurance
1,22,Male,25000,0,Single,0,0,1,No
2,25,Female,30000,0,Single,0,0,1,No
3,28,Male,35000,1,Single,0,0,1,No
4,30,Female,40000,1,Single,0,1,2,Yes
5,32,Male,45000,1,Single,0,1,2,Yes
6,35,Female,50000,1,Married,1,1,2,Yes
7,40,Male,60000,1,Married,1,2,3,Yes
8,45,Female,70000,1,Married,1,2,3,Yes
9,50,Male,80000,1,Married,1,3,4,Yes
10,24,Female,28000,0,Single,0,0,1,No
11,27,Male,32000,0,Single,0,0,1,No
12,29,Female,38000,1,Single,0,0,2,No
13,31,Male,42000,1,Single,0,1,2,Yes
14,34,Female,48000,1,Single,0,1,2,Yes
15,37,Male,55000,1,Married,1,1,3,Yes
16,42,Female,65000,1,Married,1,2,3,Yes
17,48,Male,75000,1,Married,1,2,4,Yes
18,55,Female,90000,1,Married,1,3,4,Yes
19,23,Male,26000,0,Single,0,0,1,No
20,26,Female,31000,0,Single,0,0,1,No
21,33,Male,44000,1,Single,0,0,2,Yes
22,36,Female,52000,1,Single,0,1,2,Yes
23,39,Male,58000,1,Married,1,1,3,Yes
24,44,Female,68000,1,Married,1,2,3,Yes
25,52,Male,85000,1,Married,1,3,4,Yes
26,21,Female,22000,0,Single,0,0,1,No
27,24,Male,29000,0,Single,0,0,1,No
28,28,Female,36000,1,Single,0,0,1,No
29,30,Male,39000,1,Single,0,1,2,Yes
30,38,Female,57000,1,Married,1,1,3,Yes
31,41,Male,62000,1,Married,1,2,3,Yes
32,47,Female,72000,1,Married,1,2,4,Yes
33,53,Male,88000,1,Married,1,3,4,Yes
34,25,Female,30000,0,Single,0,0,1,No
35,29,Male,37000,1,Single,0,0,2,No
36,32,Female,43000,1,Single,0,1,2,Yes
37,35,Male,51000,1,Married,1,1,2,Yes
38,43,Female,66000,1,Married,1,2,3,Yes
39,49,Male,78000,1,Married,1,2,4,Yes
40,58,Female,95000,1,Married,1,3,4,Yes
41,22,Male,24000,0,Single,0,0,1,No
42,27,Female,33000,0,Single,0,0,1,No
43,31,Male,41000,1,Single,0,0,2,Yes
44,34,Female,47000,1,Single,0,1,2,Yes
45,37,Male,54000,1,Married,1,1,3,Yes
46,46,Female,71000,1,Married,1,2,3,Yes
47,51,Male,82000,1,Married,1,3,4,Yes
48,56,Female,92000,1,Married,1,3,4,Yes
49,23,Male,27000,0,Single,0,0,1,No
50,26,Female,35000,0,Single,0,0,1,No
51,29,Male,40000,1,Single,0,0,2,No
52,33,Female,46000,1,Single,0,1,2,Yes
53,36,Male,53000,1,Married,1,1,2,Yes
54,40,Female,61000,1,Married,1,2,3,Yes
55,45,Male,73000,1,Married,1,2,4,Yes
56,54,Female,87000,1,Married,1,3,4,Yes
57,20,Male,21000,0,Single,0,0,1,No
58,24,Female,30000,0,Single,0,0,1,No
59,28,Male,34000,1,Single,0,0,1,No
60,31,Female,45000,1,Single,0,1,2,Yes
61,35,Male,50000,1,Married,1,1,2,Yes
62,39,Female,59000,1,Married,1,2,3,Yes
63,44,Male,67000,1,Married,1,2,3,Yes
64,50,Female,81000,1,Married,1,3,4,Yes
65,57,Male,93000,1,Married,1,3,4,Yes
66,22,Female,25000,0,Single,0,0,1,No
67,27,Male,34000,0,Single,0,0,1,No
68,30,Female,42000,1,Single,0,0,2,Yes
69,33,Male,48000,1,Single,0,1,2,Yes
70,37,Female,56000,1,Married,1,1,3,Yes
71,42,Male,64000,1,Married,1,2,3,Yes
72,48,Female,76000,1,Married,1,2,4,Yes
73,55,Male,91000,1,Married,1,3,4,Yes
74,25,Female,28000,0,Single,0,0,1,No
75,29,Male,39000,1,Single,0,0,1,No
76,32,Female,46000,1,Single,0,1,2,Yes
77,36,Male,55000,1,Married,1,1,2,Yes
78,41,Female,63000,1,Married,1,2,3,Yes
79,47,Male,74000,1,Married,1,2,4,Yes
80,52,Female,84000,1,Married,1,3,4,Yes
81,59,Male,98000,1,Married,1,3,4,Yes
82,21,Female,23000,0,Single,0,0,1,No
83,26,Male,32000,0,Single,0,0,1,No
84,28,Female,38000,1,Single,0,0,2,No
85,34,Male,49000,1,Single,0,1,2,Yes
86,38,Female,58000,1,Married,1,1,3,Yes
87,43,Male,69000,1,Married,1,2,3,Yes
88,49,Female,79000,1,Married,1,2,4,Yes
89,53,Male,86000,1,Married,1,3,4,Yes
90,60,Female,100000,1,Married,1,3,4,Yes
91,23,Male,29000,0,Single,0,0,1,No
92,27,Female,36000,0,Single,0,0,1,No
93,31,Male,43000,1,Single,0,1,2,Yes
94,35,Female,52000,1,Married,1,1,2,Yes
95,40,Male,60000,1,Married,1,2,3,Yes
96,46,Female,70000,1,Married,1,2,4,Yes
97,51,Male,83000,1,Married,1,3,4,Yes
98,56,Female,94000,1,Married,1,3,4,Yes
99,24,Male,31000,0,Single,0,0,1,No
100,30,Female,40000,1,Single,0,1,2,Yes
